ds,yhat,yhat_lower,yhat_upper
2011-01-01,624.8737133491268,-656.3400856482713,1840.4978128658497
2011-01-02,-200.2735998055969,-1409.9883324518564,936.8698268609932
2011-01-03,-56.26096585730966,-1253.8937443228544,1110.9875576324584
2011-01-04,307.0158641833632,-908.5300918859574,1468.6226802882004
2011-01-05,360.04040126889777,-875.7138502810168,1543.5707161956375
2011-01-06,552.2088894564706,-598.405379318328,1905.117587549256
2011-01-07,622.3876318301682,-599.0821560647863,1854.2413866318875
2011-01-08,658.5602196881568,-528.8396709522975,1893.938542118305
2011-01-09,451.6466364656369,-727.24369565418,1604.1549341593895
2011-01-10,613.4530279740302,-623.8323051928558,1843.6393924867552
2011-01-11,855.4555750092752,-338.65440473714415,2094.936745573364
2011-01-12,1030.183341459198,-193.89966830506043,2112.052102318816
2011-01-13,1226.6564951933922,134.72138850972456,2396.5309952040525
2011-01-14,1163.3205842289958,-73.21709581880673,2271.933582838789
2011-01-15,1118.473189600719,-53.43951009398673,2340.444416014144
2011-01-16,845.9032297935901,-273.0027632639549,2017.941496873503
2011-01-17,662.7280621870884,-583.8455353229991,1822.7924623363544
2011-01-18,981.591221139298,-240.12985931380967,2160.3498868374736
2011-01-19,1065.1560359071698,-132.9672149795698,2196.2245505627657
2011-01-20,1498.0619834948336,365.3352121656564,2663.167312512396
2011-01-21,1465.1811057613072,257.4595126156805,2614.3594798830213
2011-01-22,1170.4228353998142,100.68509129981256,2482.437329334341
2011-01-23,1127.4224634687032,-58.18789896614052,2366.518209316984
2011-01-24,1148.8464107121486,-33.16483980705938,2361.784940357954
2011-01-25,1329.771465733355,105.712906195606,2609.454766090884
2011-01-26,1503.7930938748748,326.04773837166096,2788.386194688608
2011-01-27,1524.558842573842,358.8452086454928,2812.736846738849
2011-01-28,1526.2428447193406,324.564704931382,2706.007667458751
2011-01-29,1363.2078363502,148.81558192791098,2663.760960951671
2011-01-30,1176.5461977275988,39.36849427850293,2377.881473785863
2011-01-31,1253.681727325975,-26.297621834832363,2481.8927094882506
2011-02-01,1344.1829997847865,154.3729385924447,2513.552950474017
2011-02-02,1368.2064952050653,91.17317376300934,2639.085862126399
2011-02-03,1585.2811167223592,345.9190093237101,2843.8530653177136
2011-02-04,1576.3516725193588,363.8812885938501,2759.346376522857
2011-02-05,1430.719454657629,178.46923048216308,2619.515723076905
2011-02-06,1125.2575851972483,-73.72155258579365,2320.1133751741627
2011-02-07,1352.8300134040398,195.11676156615744,2574.1814682623262
2011-02-08,1478.4812151250926,284.171205116951,2691.359398920796
2011-02-09,1399.226473675332,231.74097092028407,2594.272943599836
2011-02-10,1575.426087475999,410.4212437573453,2694.3563476191143
2011-02-11,1547.0941837308028,356.6895021641388,2703.7538878215337
2011-02-12,1263.1588779644258,25.588157250450056,2368.679006771007
2011-02-13,921.279701351856,-242.42741113101675,2126.125931521646
2011-02-14,1108.7042529102391,-88.2976494851795,2334.488955503757
2011-02-15,1541.5665704724447,313.0230318691064,2705.4498838670843
2011-02-16,1549.0751576714172,354.7416280221576,2750.1581422168897
2011-02-17,1511.5836907448345,326.36420383447575,2710.3762545290165
2011-02-18,1774.9398933007517,693.1128347472778,3107.9287625259344
2011-02-19,1578.17868769525,368.2687644169957,2799.849367739439
2011-02-20,1303.161094640091,129.7870554317068,2557.508063570591
2011-02-21,951.2978961109866,-226.38386299375745,2102.822701239584
2011-02-22,1645.9829311849944,362.4657472484658,2796.383463287893
2011-02-23,1715.14079224359,576.5430205075687,2899.091565518214
2011-02-24,1838.132265940892,566.0653018020537,2964.658833073744
2011-02-25,1965.5340819844328,671.7167758102493,3154.288175888917
2011-02-26,1841.191391584358,566.1741812639812,3081.9512074675868
2011-02-27,1480.754835902199,306.5733655235276,2646.6621836252684
2011-02-28,1647.7215355176952,421.9954378195213,2821.2762527861832
2011-03-01,1887.8382634755303,619.7447118858793,2982.216649528885
2011-03-02,1951.769810228746,727.3402984573187,3115.561285970967
2011-03-03,2099.1101433974645,914.0252095148214,3376.348263985009
2011-03-04,2106.7132110697403,927.726445669891,3311.643449488316
2011-03-05,2148.7073946992277,881.6438831799833,3342.933606020035
2011-03-06,1833.5693324210336,674.3688756126938,2944.324926944016
2011-03-07,1900.429027052891,723.2367744180287,3114.139084478692
2011-03-08,2107.8232336250967,949.5337131896978,3295.6600572859616
2011-03-09,2163.0294869428485,1052.8171069979735,3309.5488752652277
2011-03-10,2176.855751069309,926.6931130411284,3354.7061945947985
2011-03-11,2159.403841560735,1032.589772131994,3479.0497869464684
2011-03-12,2172.477648009484,996.8942352783148,3467.0866271334594
2011-03-13,2195.68868668128,925.9071284344324,3436.3516142893554
2011-03-14,2366.5546791782604,1187.6758916697702,3583.233090324436
2011-03-15,2358.2049888240763,1174.4274351735696,3520.0499109103675
2011-03-16,2729.756365510113,1542.449264403209,3970.0440045214114
2011-03-17,2840.4535582494004,1690.1045997792714,4004.76254447559
2011-03-18,2894.2457537065097,1752.4091587506578,3986.024120744142
2011-03-19,3040.968078736064,1857.3253972645723,4238.24999869449
2011-03-20,2623.450191450778,1437.3178380545116,3823.309300014575
2011-03-21,2844.584235282283,1765.5841530820023,4088.705893693193
2011-03-22,2985.192375677166,1788.5428318282966,4190.795872852421
2011-03-23,3185.830137171184,2041.297478682688,4499.561541697641
2011-03-24,3340.112817747476,2208.487962987909,4570.570202527863
2011-03-25,3264.690640090039,2090.556008782604,4577.551714248597
2011-03-26,3207.4869478371115,1970.9484116362723,4500.657399657769
2011-03-27,2967.900482919485,1702.945475987967,4125.603745808497
2011-03-28,3129.81085292428,1961.8689359950151,4317.802339514894
2011-03-29,3239.148553650732,1995.6779302985576,4501.714752541442
2011-03-30,3253.754444814048,2097.210898223168,4496.680987703741
2011-03-31,3523.086763584562,2347.7553460866743,4664.08079691978
2011-04-01,3434.8837143860305,2221.899037244901,4682.534276116231
2011-04-02,3212.565311963288,2000.7522359700863,4391.619894648154
2011-04-03,2881.52163096967,1678.416513219493,4073.654169767876
2011-04-04,2981.152907386159,1667.2339920730124,4139.952420295546
2011-04-05,2901.965582779857,1740.5698859329575,4104.42235209842
2011-04-06,2848.664491424246,1649.5319712589048,4043.582542597732
2011-04-07,3053.2030175047285,1888.235338424272,4242.567193902063
2011-04-08,3296.0454914311117,2202.0367643956383,4601.332497864531
2011-04-09,3166.294149464808,1985.3121740609445,4348.768717497466
2011-04-10,2599.6861756996645,1470.264390184224,3808.0864578739033
2011-04-11,3035.076079202029,1932.7079207629288,4241.034562439359
2011-04-12,3069.440110600166,1805.7329560657224,4235.252105713649
2011-04-13,3112.3436046291795,1827.4583822337029,4306.509686011345
2011-04-14,3488.2970444910097,2328.680325505651,4656.436986500284
2011-04-15,3305.049778754544,2194.860012882092,4445.12688587526
2011-04-16,3275.413578988333,2048.2208168935754,4482.0265464893055
2011-04-17,2920.0644972641257,1729.8252933824613,4152.578974576963
2011-04-18,3234.9505625406905,2042.1696328566704,4416.053025087114
2011-04-19,3379.7450780583285,2190.033994112671,4603.826697712883
2011-04-20,3353.836252856912,2196.4466554479336,4595.807031787803
2011-04-21,3583.8005565989806,2344.556357227861,4775.6607567314695
2011-04-22,3657.798458377953,2432.273552240578,4861.0178832347165
2011-04-23,3633.738247992067,2474.6060394597844,4810.62895433906
2011-04-24,3310.651466296683,2102.996589794094,4438.301866156859
2011-04-25,3490.232483234925,2265.441982976532,4641.368866923152
2011-04-26,3812.049252783513,2623.1985278468237,4989.283549514198
2011-04-27,3821.575064171585,2579.7137169856724,5081.802014392731
2011-04-28,3918.54849329444,2781.3140763666147,5161.126033525136
2011-04-29,3928.919426881705,2703.2510518026484,5083.24894182586
2011-04-30,3863.065391321596,2615.83908384845,5037.626506825388
2011-05-01,3355.240136124999,2223.366912923448,4583.036504908355
2011-05-02,3468.0097275517164,2267.701244735193,4661.230554169122
2011-05-03,3716.970138811949,2509.7670265853926,4859.012171190644
2011-05-04,4062.430140984761,2918.458472130526,5241.140762178638
2011-05-05,4235.268371743407,3069.138454745535,5459.865945114356
2011-05-06,3967.58863757868,2777.1617610575004,5222.360146182882
2011-05-07,4219.687587281717,2948.793206109917,5471.457891797768
2011-05-08,3790.233335926943,2525.40406170674,4913.094982642281
2011-05-09,3958.419580709687,2851.01906429277,5162.53695894859
2011-05-10,4338.782699371297,3114.313351924717,5545.747090032741
2011-05-11,4183.476527646133,2980.902602314471,5401.001360119007
2011-05-12,4410.097108884022,3210.096121518532,5660.972810872208
2011-05-13,4314.236927604588,3150.7284434346498,5509.39940865852
2011-05-14,4389.900365953625,3061.5514961703984,5651.180736038175
2011-05-15,4030.8863964350494,2819.732093687794,5294.0717022709705
2011-05-16,4084.590116957677,2901.4245147866004,5290.358136308386
2011-05-17,4274.026836520563,3094.556922550008,5465.53362930138
2011-05-18,4358.6944788142255,3117.548756768011,5607.868541421807
2011-05-19,4566.161203299863,3409.3618160090627,5856.232564547817
2011-05-20,4485.92411878225,3312.412297195069,5682.305385454931
2011-05-21,4407.237115892511,3189.1001618525133,5562.675281256253
2011-05-22,4229.658921073673,3006.641124049083,5349.821050252464
2011-05-23,4322.068511146297,3107.63555180338,5545.666834417503
2011-05-24,4378.740699466377,3200.412564886766,5604.756010468522
2011-05-25,4409.039139491523,3223.3490475832405,5601.990078474051
2011-05-26,4589.789612456815,3435.9098911333654,5739.712948144907
2011-05-27,4336.209771146776,3136.725514594511,5561.167722219623
2011-05-28,4211.126873242285,3035.220473778327,5459.097600808831
2011-05-29,3982.5500639756974,2695.077220289934,5143.32232183649
2011-05-30,3972.4102128394607,2719.0734312588784,5231.170995858808
2011-05-31,4617.97396978356,3475.489858975256,5951.446634415283
2011-06-01,4380.791459687184,3185.3091438026563,5628.030279363772
2011-06-02,4918.985389827321,3763.3928580893657,6142.245505008978
2011-06-03,4767.9253327017,3553.6678568629354,5987.952096759888
2011-06-04,4717.339555556041,3460.039664580573,5868.441441387138
2011-06-05,4638.767889502136,3510.507469839203,5765.051376220462
2011-06-06,4591.532297051813,3357.969219753848,5836.3644948973815
2011-06-07,4813.0604361868045,3602.861914857368,5971.145842968476
2011-06-08,4753.616749400757,3582.966726096474,5938.522880022829
2011-06-09,5097.842805299115,3935.028255388265,6237.241911699766
2011-06-10,5007.796598814742,3881.479472939615,6224.02078453966
2011-06-11,4819.177377151877,3618.253061007724,6039.819578949554
2011-06-12,4518.088290639109,3297.10989784034,5697.712984784087
2011-06-13,4698.082626269953,3429.708066057609,5901.173848178682
2011-06-14,4871.665861841832,3584.8864259265592,6099.017800389555
2011-06-15,4799.050716410005,3610.158887632516,5936.4630424064935
2011-06-16,4950.368201120757,3799.888108981311,6085.646758862129
2011-06-17,5020.253821564036,3774.085459705864,6214.890683028667
2011-06-18,4842.423901662226,3671.988334292804,5999.400339259009
2011-06-19,4373.617521993535,3200.6122610346506,5511.482611116526
2011-06-20,4470.712552384009,3274.1843753698163,5623.870409081486
2011-06-21,4593.7023804669125,3339.2274031391853,5678.030752061208
2011-06-22,4320.47615180876,3051.3794759178154,5619.426098142177
2011-06-23,4408.868961020632,3192.7468002846595,5557.970579625488
2011-06-24,4415.747590169446,3235.446209189752,5675.0626054651
2011-06-25,4632.696102437164,3333.5959284323835,5848.705707255058
2011-06-26,4276.347933233115,3041.178794653007,5500.065096151368
2011-06-27,4098.780293085638,2932.172150497201,5283.436530281231
2011-06-28,4608.038694578412,3370.660194048184,5792.938295337917
2011-06-29,4458.41185311346,3259.604966231045,5632.191860380106
2011-06-30,4645.190163569471,3389.826774031061,5801.016312305467
2011-07-01,4833.408897171809,3606.7839838977256,5927.679385447814
2011-07-02,4532.055312394194,3371.536738476429,5667.108382152694
2011-07-03,4267.015985131356,3037.9972784231327,5421.968876671398
2011-07-04,5441.843221330765,4253.305516501611,6588.875070318656
2011-07-05,4645.880550434607,3442.275578176026,5821.201382254237
2011-07-06,4593.304106509606,3339.954404907803,5819.7041058834775
2011-07-07,4667.873199963025,3558.9001800712226,5918.765265479998
2011-07-08,4654.103989641495,3394.093235647032,5881.42154511834
2011-07-09,4620.8792897912135,3385.0392368257963,5806.191129021711
2011-07-10,4333.02664898095,3100.322816013781,5621.06027828077
2011-07-11,4384.667717591143,3200.0458067431014,5516.708147902493
2011-07-12,4542.291766113397,3340.8393032243857,5733.640938328993
2011-07-13,4675.789848233241,3545.692770684204,5850.159097062865
2011-07-14,4776.691669757621,3593.360855588009,5926.804915542798
2011-07-15,4598.687104035057,3390.3325034310587,5735.850726638282
2011-07-16,4486.7617387743085,3295.456758746444,5790.235024300872
2011-07-17,4150.953152223339,2960.161566436277,5266.643207491926
2011-07-18,3994.688407002428,2751.112942671381,5209.636512159869
2011-07-19,4086.148837046169,2889.6424715685243,5317.320944982375
2011-07-20,4151.27611257987,3087.318474591849,5392.791779068272
2011-07-21,4661.8192521062165,3471.802350546796,5881.340227971658
2011-07-22,4596.661396287985,3459.308537977289,5844.548069782073
2011-07-23,4191.48473547836,3018.685487439968,5402.074770397722
2011-07-24,4254.438606202048,2983.78933556009,5426.435772404714
2011-07-25,4222.31925198747,3078.8639582443334,5474.183537162042
2011-07-26,4412.104980952265,3157.7318040730747,5601.685526912012
2011-07-27,4663.36780865,3464.694159864542,5893.669824354678
2011-07-28,4628.779232804447,3493.152386782177,5825.395681768845
2011-07-29,4658.352611983568,3552.2620823079374,5842.71163249016
2011-07-30,4482.402893563128,3299.817087950674,5722.370223850965
2011-07-31,4368.355290751258,3173.2644509916554,5604.145306057875
2011-08-01,4441.513280769377,3176.482175174971,5678.259016426087
2011-08-02,4518.7091936226525,3322.262667198918,5697.747396680221
2011-08-03,4564.286791174774,3257.4596866785823,5728.720355942271
2011-08-04,4816.723130083301,3610.494104950909,5989.919056277661
2011-08-05,4828.951697891629,3623.58865869246,6073.641163813977
2011-08-06,4670.86049137676,3503.8111538422067,5861.473611614057
2011-08-07,4373.365522506302,3171.3723470719337,5515.145110562942
2011-08-08,4645.565865405716,3324.627884232674,5828.838066670589
2011-08-09,4753.095196449821,3613.119589672428,5964.4720266727245
2011-08-10,4627.608434684794,3491.835212536524,5822.440365724799
2011-08-11,4796.013804153502,3589.374824493515,6104.451736042107
2011-08-12,4753.701622093336,3595.5668251038637,6015.485232536676
2011-08-13,4371.018284122698,3193.2357824224264,5632.39629785209
2011-08-14,3994.108004452023,2706.4370458097637,5281.707816542147
2011-08-15,4181.535941458664,2968.2430665754005,5408.001281645928
2011-08-16,4701.172780506316,3562.6550276075614,5905.1478011765785
2011-08-17,4674.920969336167,3539.962971043277,5803.657218243497
2011-08-18,4515.743097765695,3316.1135565342497,5739.95936582909
2011-08-19,4867.178342223558,3743.554655644197,5984.061156290515
2011-08-20,4590.013402830905,3486.0794454986617,5754.763063494716
2011-08-21,4290.759200863876,3093.703114621153,5518.132904181386
2011-08-22,4647.42489633436,3445.110303867855,5866.388323743122
2011-08-23,4572.836424904449,3330.277281186876,5666.2598842302
2011-08-24,4622.4303931493,3508.4818196032447,5838.925382530618
2011-08-25,4681.808537245201,3460.7162943474937,5864.104127992707
2011-08-26,4829.911372001021,3627.563952956341,6002.136426701461
2011-08-27,4647.9830206869465,3394.384580013697,5893.387560026254
2011-08-28,4220.360461351064,2970.116957427607,5422.992062500103
2011-08-29,4355.888660948103,3251.0192272263985,5559.840163290734
2011-08-30,4579.777891352233,3433.528303077557,5741.7644470846335
2011-08-31,4615.043287253122,3423.656040631334,5801.296095412248
2011-09-01,4702.20460844103,3447.6372006330043,5847.6324792614405
2011-09-02,4673.0492244347615,3474.395571153629,5901.536250358493
2011-09-03,4718.407714065271,3506.340275200932,5939.498090904746
2011-09-04,4346.689928889855,3115.3197767691213,5443.114821633797
2011-09-05,3654.364265606556,2399.4741241236043,4745.524716166619
2011-09-06,4500.408001522488,3311.981208880334,5708.813287255132
2011-09-07,4513.828594394932,3312.193798581937,5646.087568402012
2011-09-08,4403.810312792088,3169.428866435569,5563.3729958770255
2011-09-09,4330.161694155332,3165.137929505707,5493.827186075024
2011-09-10,4325.586274400539,3201.5334198398145,5575.416127005075
2011-09-11,4421.722019279752,3175.537719184594,5673.195639726266
2011-09-12,4546.6680783000975,3447.376826994089,5725.075443704113
2011-09-13,4406.238274062241,3195.8128970543244,5613.659971744767
2011-09-14,4859.794398724408,3663.348765893132,6009.711024952656
2011-09-15,4884.620697644736,3686.425944325888,5981.234666994185
2011-09-16,4911.255998704211,3777.5850060707594,6072.7682599470445
2011-09-17,5096.388326232225,3985.212861723428,6269.608608130136
2011-09-18,4579.1058360065845,3347.728316195814,5828.86498281044
2011-09-19,4782.919434438921,3613.220044253696,5967.245980748602
2011-09-20,4863.280040196632,3516.957531403758,6045.413216782293
2011-09-21,5090.28931212964,3827.2272364254823,6241.571308149216
2011-09-22,5193.387053853465,3941.769337576938,6348.019020593164
2011-09-23,5058.562668464956,3823.712994342482,6282.031239247806
2011-09-24,4979.53258956492,3859.650219474383,6107.382911202227
2011-09-25,4734.975502404914,3511.488415001252,5923.662502782903
2011-09-26,4880.8623100942095,3635.815137429329,6102.148265106402
2011-09-27,4943.85735315095,3816.536451357658,6215.09918944202
2011-09-28,4937.238413536472,3746.2025215926874,6101.87100343247
2011-09-29,5227.270224895764,3992.960550059186,6459.18702990615
2011-09-30,5100.549639934698,3841.573045849846,6300.176103178389
2011-10-01,4815.773552410658,3634.053195927349,6010.816729077818
2011-10-02,4465.995386200636,3214.956420285994,5680.595090057439
2011-10-03,4544.884535725313,3334.576049022637,5747.741346561854
2011-10-04,4362.153709546111,3164.228964920876,5555.420059815297
2011-10-05,4273.648350675951,2999.9950516478502,5477.391460322417
2011-10-06,4481.463734140202,3258.5943776798986,5750.850710591073
2011-10-07,4818.01288719575,3579.722428085842,6079.388576551342
2011-10-08,4660.606359329382,3528.000847054114,5929.834324182743
2011-10-09,3977.4483985257375,2763.2766549337293,5127.609994847763
2011-10-10,4212.52020545827,2970.6411234363354,5309.916825753997
2011-10-11,4467.872643895231,3252.037499281973,5696.195090757076
2011-10-12,4490.042277019061,3284.6428933825423,5760.796203488384
2011-10-13,4906.67732605545,3745.8028643825255,6194.591734718312
2011-10-14,4619.781878384548,3427.054549730265,5863.620831153846
2011-10-15,4563.705850257051,3308.676847077428,5777.965119926987
2011-10-16,4132.420505845681,2888.1248623556503,5358.513870272596
2011-10-17,4451.732295007736,3311.566657395668,5711.751823914113
2011-10-18,4515.842410884836,3359.78423790885,5794.865499893149
2011-10-19,4393.640102082749,3209.3889483647886,5528.126210620161
2011-10-20,4557.578435854356,3336.140478827903,5803.651014031152
2011-10-21,4574.969341408935,3409.0358120627434,5805.785934023622
2011-10-22,4475.821274590722,3243.4632108266237,5675.752353121269
2011-10-23,4040.12135858295,2814.812352993172,5355.2725270489
2011-10-24,4125.643792035998,2958.1329776006005,5319.092897896819
2011-10-25,4389.3705281863095,3248.8684060098994,5649.078915024777
2011-10-26,4276.052929465511,3143.559849329189,5477.315405667223
2011-10-27,4221.717079817774,2971.2793024368925,5399.888712803266
2011-10-28,4121.140230002674,2941.730529655352,5278.205150012358
2011-10-29,3939.972969525663,2819.4948614782083,5222.887203072977
2011-10-30,3233.118165276592,2024.4806262364157,4415.653078812783
2011-10-31,3215.499370553789,2007.4375050703743,4512.463900502952
2011-11-01,3374.180541497181,2216.047862238316,4561.966025629104
2011-11-02,3722.9261803930262,2544.071625526657,4978.119310010362
2011-11-03,3781.893289841919,2607.802456123546,4979.469556809841
2011-11-04,3317.1299336531024,2151.036368891329,4485.04340285644
2011-11-05,3592.864269087126,2344.141976911619,4724.931486551892
2011-11-06,3022.7774845913264,1804.1574997713824,4222.54826979092
2011-11-07,3115.3600532091928,1901.5578313912267,4362.985642213763
2011-11-08,3492.4900947467986,2230.2245749878,4673.850781872634
2011-11-09,3201.17594379965,1985.158121575062,4399.023051219631
2011-11-10,3381.714025613085,2171.196827665368,4570.0474999513335
2011-11-11,4215.822021007772,3053.2152742136404,5426.693651334202
2011-11-12,3290.611526356008,1962.9944047793863,4455.689553269315
2011-11-13,2871.654193966132,1674.7223003281415,4101.669538567488
2011-11-14,2863.450244329856,1586.6137590476044,4066.142398166756
2011-11-15,3034.6750136646374,1914.4121877661253,4168.319686962972
2011-11-16,3123.4131896652416,1883.9990922137888,4298.185408181585
2011-11-17,3328.5268354655564,2150.017874519838,4599.601821502173
2011-11-18,3219.4571682008427,2042.3752486053957,4482.195074088134
2011-11-19,3140.4482853949794,1884.1149072078515,4243.67959885961
2011-11-20,3007.1288361639527,1780.7304753366188,4140.359432340661
2011-11-21,3085.9440776762613,1927.1505246544511,4299.294540855821
2011-11-22,3105.8391987643254,1985.1872226170624,4274.121110634971
2011-11-23,3143.333961696568,1942.004531313016,4460.069860693014
2011-11-24,1031.8874472357734,-161.79167657566384,2264.0270475616467
2011-11-25,2995.411843951616,1771.7094838780506,4139.612057366048
2011-11-26,2857.3464598459814,1666.1471438385292,4082.0321347885074
2011-11-27,2651.931327537738,1489.780263379672,3908.069237994137
2011-11-28,3235.502380464933,2094.3690522356123,4500.382397048315
2011-11-29,3384.5051571085514,2123.8304119687496,4583.685680916205
2011-11-30,3040.9440251942383,1762.8589483820845,4303.910815430147
2011-12-01,3683.314161204277,2459.3221878063446,4953.551531825321
2011-12-02,3460.1397983301454,2321.1053441079107,4589.351907800489
2011-12-03,3389.8642171273723,2207.314404773389,4587.150551698019
2011-12-04,3350.658042450093,2174.9489673533767,4566.794015412137
2011-12-05,3195.8912440261693,2017.3988026080028,4414.345371220922
2011-12-06,3385.895149503019,2097.183781871524,4564.53108601494
2011-12-07,3244.499558211528,2021.98482940957,4417.4805603138575
2011-12-08,3587.433133216754,2485.3918300063274,4734.776245652048
2011-12-09,3411.562735513829,2269.277594253129,4600.450756135285
2011-12-10,3123.2166634309037,1859.5029312995591,4333.155226111946
2011-12-11,2755.4440686208536,1611.4968201624954,3998.58511756733
2011-12-12,2881.791589004309,1641.57662734394,4056.882380703413
2011-12-13,2987.661573348128,1841.8862147788675,4156.923166913514
2011-12-14,2815.0066584195743,1560.6445823305803,3996.479140997344
2011-12-15,2891.015336795025,1651.4375044297074,4104.115511212755
2011-12-16,2928.4994734986985,1756.6284041313024,4177.682371437553
2011-12-17,2660.7112063689533,1381.5671566543836,3896.82643333453
2011-12-18,2081.286609286396,840.0711033194708,3364.816576173081
2011-12-19,2116.52200576039,872.1564394183982,3298.159972941249
2011-12-20,2181.746497517029,1009.6847022036808,3327.385908121219
2011-12-21,1775.295795157777,564.5020091912304,2938.088342010365
2011-12-22,1807.800474027027,664.3858132882599,3029.644272528148
2011-12-23,1807.2637937560207,580.4315797998702,3008.12190700571
2011-12-24,2118.525619606884,910.5018735172696,3289.773171671103
2011-12-25,-238.1160597301732,-1430.3064267361638,979.0170688468666
2011-12-26,1339.6870153423215,243.26175836087197,2576.47615764414
2011-12-27,2119.7869960445155,955.1066502392872,3349.160029359115
2011-12-28,1944.9373568791257,750.0779520471185,3097.4897045843804
2011-12-29,2175.7821425660395,1018.1787450705416,3447.9968395225974
2011-12-30,2483.690265382508,1275.0441046375952,3714.791707853089
2011-12-31,2170.725302743487,886.3389908868581,3421.4990441644154
2012-01-01,2599.8786905180064,1435.9750025298822,3787.285203717
2012-01-02,1978.028975301268,694.7154890495631,3110.5215673210714
2012-01-03,2542.341190809057,1403.0697495293757,3759.367607116325
2012-01-04,2551.315974817058,1298.596485163898,3762.708767167801
2012-01-05,2682.1332707074407,1473.8389747278804,3805.2813480447135
2012-01-06,2764.254320069155,1578.8368556942844,4026.8782878674665
2012-01-07,2844.311016177453,1587.5567811532908,4051.288885337018
2012-01-08,2657.683786628927,1496.0470561702225,3927.784227545662
2012-01-09,2777.8608995840086,1624.1604296539297,4023.319990278768
2012-01-10,3026.143677345524,1822.775761831688,4194.7804036186735
2012-01-11,3288.3312693047314,2076.683006091154,4494.735382273324
2012-01-12,3453.1050351029244,2289.346559300921,4658.19313319026
2012-01-13,3309.028512538844,2090.552950899857,4476.421957780424
2012-01-14,3268.702696629134,2052.26298861093,4508.735429413758
2012-01-15,2995.703012015185,1822.8910168472016,4213.672185731667
2012-01-16,2648.340821843787,1459.1109113194757,3807.799495039708
2012-01-17,2938.4203788424406,1703.9629339353037,4093.3688021339417
2012-01-18,3070.204998743152,1938.0799775925348,4261.0677753563095
2012-01-19,3732.053413819127,2538.270299252089,4919.809892989796
2012-01-20,3690.149314766042,2423.779983302839,4909.768183966588
2012-01-21,3213.563736593083,2081.5452725810865,4449.255141712379
2012-01-22,3415.3832846049067,2185.7577487843582,4602.81312070554
2012-01-23,3345.078693441372,2241.154605233854,4590.937880867978
2012-01-24,3549.9210977152507,2207.727812402354,4644.058543343879
2012-01-25,3876.8714068147833,2691.280695952031,5055.511808026961
2012-01-26,3772.59972853012,2596.5266079180183,4958.766003166209
2012-01-27,3811.3340954687937,2573.6448942074308,5043.247819775962
2012-01-28,3596.958121044196,2342.134232884566,4737.5996310286455
2012-01-29,3528.7351867819207,2410.3744655428327,4752.857002756078
2012-01-30,3566.3797838837845,2407.021584602014,4873.290419328602
2012-01-31,3597.613771060202,2390.9597933748514,4884.956062375293
2012-02-01,3633.759180730705,2432.230921629757,4859.726497073623
2012-02-02,3892.9447114246304,2660.47936333749,5167.764142255675
2012-02-03,3900.494394652416,2621.9362552344514,5069.074123996775
2012-02-04,3707.428574272733,2431.9267969515045,4958.21836892181
2012-02-05,3401.2508747890743,2109.942486498868,4595.350233307984
2012-02-06,3708.531302240115,2505.2886981277347,4746.861004076263
2012-02-07,3793.245359983777,2628.9002584382138,5055.225025268108
2012-02-08,3623.1552277182745,2406.111213356956,4797.049862785174
2012-02-09,3793.86779797333,2633.0587053071417,5011.343233102595
2012-02-10,3754.98423030623,2574.029821792981,4955.779076269092
2012-02-11,3296.062153352291,2152.107181544673,4585.640117496485
2012-02-12,2915.6302569797963,1741.545865530583,4130.850645446914
2012-02-13,3142.4184474085346,1951.8961735186508,4376.921130749503
2012-02-14,3796.9422074638505,2535.8876191487675,5053.526483949337
2012-02-15,3787.727176933369,2620.548762739083,4998.856491161445
2012-02-16,3560.685973349655,2447.1765973132774,4723.96392798668
2012-02-17,4064.157858104737,2872.961293192719,5247.640711934456
2012-02-18,3770.153980774799,2528.819607059088,5061.770450334245
2012-02-19,3514.9649225169755,2212.432755383629,4818.13994596403
2012-02-20,3313.3729878699523,2123.5719580910554,4549.846697747567
2012-02-21,3879.670651492856,2793.245207864749,5045.776887025219
2012-02-22,3983.9385513924153,2832.9542397851296,5102.419586317861
2012-02-23,4053.686872082411,2880.3628504138046,5206.460485570711
2012-02-24,4298.832407747698,3050.0480008349864,5451.061070623719
2012-02-25,4133.743976838142,2951.318117320246,5292.63730153572
2012-02-26,3712.7956272606953,2487.318719789983,4943.19461135339
2012-02-27,3890.993718038537,2682.769923314914,5101.208241495229
2012-02-28,4172.378940095123,2963.815666971712,5335.625772126596
2012-02-29,4251.636782773468,3040.9724531517154,5438.257271225224
2012-03-01,4349.830459168244,3128.2464456070816,5479.707634247241
2012-03-02,4354.96377301273,3177.0169400269383,5474.582202030152
2012-03-03,4475.031372939736,3270.0769847496517,5599.822342325847
2012-03-04,4116.453842157654,2859.560711487766,5296.07149930984
2012-03-05,4089.5063394419935,2762.564323908309,5175.750814736805
2012-03-06,4288.717086731288,3118.661936333714,5437.0119997121565
2012-03-07,4330.589765115684,3120.888531916751,5515.1418318700025
2012-03-08,4165.875780600366,2920.918811989384,5431.587210762701
2012-03-09,4107.174078598376,2823.192215613128,5307.128309821001
2012-03-10,4157.613452664933,2980.865434613604,5497.881969221015
2012-03-11,4401.8481076024345,3190.3734089923955,5556.154815164885
2012-03-12,4554.7528042931945,3355.5454965505464,5763.059155410911
2012-03-13,4355.478190178105,3052.7233819151274,5569.171017310065
2012-03-14,4968.76249507053,3789.4278923128354,6206.582612064194
2012-03-15,4983.1063166248005,3804.477609296528,6190.096225592062
2012-03-16,5059.241888575019,3803.92772131983,6270.1331917083335
2012-03-17,5360.50306736326,4128.821645664312,6551.400844038354
2012-03-18,4818.6104107143165,3656.07518911867,6091.4673401872
2012-03-19,5080.8178879924535,3917.977292924243,6333.653659764359
2012-03-20,5174.388259078963,3911.567360258263,6335.618079109017
2012-03-21,5500.820778348481,4234.022106979805,6617.810409479918
2012-03-22,5622.603531205717,4493.945005036369,6743.26572436004
2012-03-23,5495.656194651001,4322.004080875499,6693.677101388894
2012-03-24,5459.632510131628,4249.494888255566,6642.666275555844
2012-03-25,5271.838684824185,4058.0614639272458,6431.455912542254
2012-03-26,5459.746536459742,4302.190545634615,6647.589945426802
2012-03-27,5530.413874942638,4363.717749617185,6760.34831061608
2012-03-28,5552.9990136817205,4381.46253807034,6679.124546343062
2012-03-29,5910.666497859846,4786.765412926704,7076.446919109309
2012-03-30,5788.229852379987,4549.267057511125,7060.496184844385
2012-03-31,5480.288055255689,4330.801907712497,6689.614662463722
2012-04-01,5148.381081827182,3954.705768326159,6409.291958345503
2012-04-02,5240.681841531701,4069.102473373908,6392.2979994353645
2012-04-03,4986.80705182112,3815.904631974596,6218.590266428316
2012-04-04,4894.847267250033,3729.0787380862967,6105.656222532396
2012-04-05,5137.762150312179,3907.3182505808286,6330.291913375868
2012-04-06,5601.015817363905,4456.6968162881685,6775.534338920074
2012-04-07,5450.601111275895,4227.8283946600695,6642.95628979472
2012-04-08,4688.563599476462,3556.522278419127,5877.546837243138
2012-04-09,5359.569610053969,4142.232157394902,6553.818867522524
2012-04-10,5289.840981256772,4056.22612840305,6512.429026208779
2012-04-11,5345.864273236572,4202.207354571258,6547.759320925635
2012-04-12,5865.172185924202,4668.108221058616,7084.790814557027
2012-04-13,5545.654646200741,4366.211042938254,6688.853712763832
2012-04-14,5544.096289555874,4381.699338383219,6749.755284134782
2012-04-15,5128.778185980261,3983.09900670952,6342.7248341044215
2012-04-16,5555.698264388658,4404.7256149136665,6785.296781417229
2012-04-17,5654.671971203042,4402.51838717309,6789.248297115293
2012-04-18,5564.258896324107,4355.337502282115,6769.50796199048
2012-04-19,5802.658387155597,4619.786299800661,6995.3004531504575
2012-04-20,5916.30971965486,4782.333315547478,7128.383385736469
2012-04-21,5907.200145921389,4671.857982222471,7059.540063341854
2012-04-22,5535.937851050658,4255.603965927195,6619.390600199106
2012-04-23,5715.135343557613,4401.764532622329,6931.463568022146
2012-04-24,6117.946988177524,4886.638646509324,7302.482732743214
2012-04-25,6088.268680385939,4925.710531276267,7348.88408033774
2012-04-26,6096.722327104387,4934.651474564571,7221.434418217353
2012-04-27,6104.487284438033,4885.963008862773,7330.4181474476545
2012-04-28,6031.298545994941,4919.19472744191,7248.53886403369
2012-04-29,5352.085581465658,4145.671150096659,6512.326461702619
2012-04-30,5429.987328226744,4183.59178544563,6571.774097371543
2012-05-01,5721.872416766083,4568.0862676143815,6927.288288735224
2012-05-02,6291.9303286579125,5058.137394476712,7531.24254910902
2012-05-03,6451.334068233312,5194.135551371199,7636.262267703772
2012-05-04,5997.839988958972,4896.006665371937,7225.1175694151425
2012-05-05,6491.8524445612,5345.703863994876,7730.315076455259
2012-05-06,5967.963574573026,4754.135394139833,7133.949419745552
2012-05-07,6157.932231858748,4848.374563847567,7335.815153582425
2012-05-08,6689.373780768799,5504.666487479202,7913.898260001566
2012-05-09,6407.8865218594765,5268.674162182611,7583.95688774393
2012-05-10,6670.493216852059,5565.059573258543,7941.50924511016
2012-05-11,6522.681298449899,5376.496820738226,7639.306873669164
2012-05-12,6715.776346240364,5558.222502441782,7911.692916910773
2012-05-13,6316.857158654188,5086.902916417197,7554.598096503932
2012-05-14,6311.022422490159,5061.934776341839,7476.774671916763
2012-05-15,6511.933689562214,5392.527006738305,7749.70068532238
2012-05-16,6637.756849199112,5483.554948581652,7805.075766882631
2012-05-17,6860.714382680622,5660.591104857502,8071.00694326909
2012-05-18,6732.321269094913,5514.084226769305,7893.295013531685
2012-05-19,6651.707028383971,5521.046219046066,7816.505148911311
2012-05-20,6551.777932588678,5376.6987073591245,7704.415597487653
2012-05-21,6602.032748303543,5419.467302778378,7802.851256115637
2012-05-22,6567.070038494043,5361.434602671445,7827.202022502645
2012-05-23,6590.262554017059,5484.848377214496,7803.323569314532
2012-05-24,6758.908817854767,5558.571038397027,7910.1363933085695
2012-05-25,6330.752914010673,5080.375458902587,7572.012101395977
2012-05-26,6166.255984884187,4954.001082770818,7389.210831505744
2012-05-27,5975.482282401233,4870.200678569491,7163.406009653437
2012-05-28,6183.308501660153,4955.034436938208,7391.729777577149
2012-05-29,6811.869601639638,5634.609671989959,7954.485879639207
2012-05-30,6387.830838277847,5192.51158746405,7522.811872799106
2012-05-31,7163.151624849344,6013.41804994883,8320.260684601144
2012-06-01,6917.408922545045,5711.942710424752,8084.783718107921
2012-06-02,6888.050118785695,5722.947119920461,8094.058452798344
2012-06-03,6959.573147966633,5801.415560009034,8123.750712870395
2012-06-04,6789.074536891587,5611.0264359897365,7926.001156835372
2012-06-05,7048.677077488346,5904.449415001981,8280.648018185018
2012-06-06,6941.14310724805,5817.667826133387,8101.588272692113
2012-06-07,7405.590887320332,6100.904990892041,8537.288749783518
2012-06-08,7280.734672995504,6098.444022234932,8465.987116645647
2012-06-09,7038.370387956593,5878.200365986527,8181.976322795876
2012-06-10,6754.127508382453,5564.344649948952,7880.601287733478
2012-06-11,6980.509676996305,5883.740177253274,8110.345565609106
2012-06-12,7175.105143024677,5903.314406188752,8364.321848955944
2012-06-13,7060.387910720627,5908.203442351341,8324.496442962294
2012-06-14,7215.028016280129,5971.764164078654,8412.25254325696
2012-06-15,7366.500663617319,6145.678592272946,8538.336467490983
2012-06-16,7151.145395433624,6047.838848227545,8357.844987532484
2012-06-17,6595.153713240222,5481.86489182984,7762.048185616349
2012-06-18,6687.876797207711,5526.928957470695,7893.500297439613
2012-06-19,6800.66830223514,5550.246832769715,8098.12418094905
2012-06-20,6355.588612247038,5236.821734976396,7447.025662546124
2012-06-21,6404.885522682615,5199.51573545526,7600.274434181051
2012-06-22,6448.106805054196,5294.4314834115785,7621.189954707509
2012-06-23,6878.703029127439,5693.377762554454,8098.51697147567
2012-06-24,6502.698276111651,5298.675915579331,7693.24937448414
2012-06-25,6136.662816573701,4888.293147785313,7331.7349829815985
2012-06-26,6876.17656358305,5643.134113304204,8176.622917334273
2012-06-27,6627.991088691269,5478.733291670187,7891.750687506611
2012-06-28,6830.415182700937,5627.007341283763,7978.331269161823
2012-06-29,7161.43356042594,5935.927442745407,8448.101828937855
2012-06-30,6732.285636365501,5477.655878835137,7880.48106073278
2012-07-01,6498.99891686103,5412.113032558787,7653.372173610013
2012-07-02,6486.23168484109,5266.566323335256,7676.955887632515
2012-07-03,6937.769870742342,5742.514546776617,8201.937645084456
2012-07-04,7979.65980422006,6796.928444214715,9175.60104046527
2012-07-05,6861.992174717076,5667.574898817267,8161.681510295322
2012-07-06,6860.512562020088,5608.70568834722,8107.124359702908
2012-07-07,6869.36297612901,5689.221738326209,8050.754016357804
2012-07-08,6599.089885485011,5360.530771393267,7854.522305207488
2012-07-09,6606.506189421729,5335.572688752768,7799.199393458993
2012-07-10,6765.464163172087,5566.525345502408,7876.887385101058
2012-07-11,6978.317505380152,5737.839719177036,8206.306587019515
2012-07-12,7041.320745457417,5854.958205244277,8338.720028279658
2012-07-13,6776.808571135743,5691.99835050894,8016.703773654813
2012-07-14,6660.732765284051,5476.804255220651,7904.3130570284
2012-07-15,6315.355441469437,5212.644132335056,7519.048741802358
2012-07-16,5989.900934377023,4872.032660059427,7203.130419066093
2012-07-17,6043.669502225514,4817.882697336688,7242.241784285204
2012-07-18,6145.811915720605,4981.9809317971785,7399.031875925956
2012-07-19,6868.739231186393,5751.561262255127,8023.385471477591
2012-07-20,6785.125741147669,5581.111942282688,7961.278351940673
2012-07-21,6194.376570420251,5010.559070508239,7441.383569081389
2012-07-22,6485.6821113539045,5243.226896313096,7742.931530246834
2012-07-23,6356.441665112532,5113.404599318464,7589.291168723353
2012-07-24,6561.768061049861,5311.729933959206,7729.002867652191
2012-07-25,6954.023429767345,5812.570751033641,8130.079890479132
2012-07-26,6792.510913125982,5567.47325829088,7959.000761340671
2012-07-27,6852.676204722014,5625.33482161063,8010.961771570514
2012-07-28,6622.870267237748,5465.29460960865,7916.537323688395
2012-07-29,6619.644903430012,5393.016035152345,7780.414753337879
2012-07-30,6652.164312573803,5398.129383336895,7829.130011781219
2012-07-31,6670.576679350423,5625.082269103975,7905.055152169641
2012-08-01,6726.96685070789,5469.3642804709125,7847.46767102214
2012-08-02,7019.803109876824,5908.7832482497015,8266.766718523073
2012-08-03,7048.428090089436,5834.080476665475,8193.302645658301
2012-08-04,6845.921920307093,5675.510432973539,8057.071901412998
2012-08-05,6549.44831412893,5293.90651663393,7795.943297632595
2012-08-06,6900.273117884277,5622.568181284519,8069.295705669345
2012-08-07,6970.250620302013,5729.468492356063,8119.80302338715
2012-08-08,6759.748411389556,5597.003543688771,8022.613826229662
2012-08-09,6925.117119411852,5697.615073244509,8185.022212958427
2012-08-10,6875.003270977159,5622.037302053955,8041.623235710526
2012-08-11,6327.497359618315,5233.704002592713,7524.615383447248
2012-08-12,5916.14791972027,4680.901706075535,7016.381976457369
2012-08-13,6143.30308708626,4870.313384760803,7356.137753864045
2012-08-14,6875.947860960581,5710.844707524938,8050.785259066412
2012-08-15,6835.256560274856,5619.184752419062,8181.514525210179
2012-08-16,6497.109098919895,5282.234917204352,7681.252960277434
2012-08-17,7077.510053685293,5913.963781267976,8300.842131496422
2012-08-18,6708.517032295108,5544.122299247671,7902.934080053641
2012-08-19,6428.1735835532,5233.480017248477,7629.745417086112
2012-08-20,6926.827276397353,5733.628813999106,8096.7883048223875
2012-08-21,6729.994271853742,5555.28255628166,7938.499276632159
2012-08-22,6811.711612165444,5646.040515398397,8104.917273265498
2012-08-23,6819.430121775968,5683.318161281868,8108.10558310301
2012-08-24,7076.913673201098,5854.194593498184,8313.241358264448
2012-08-25,6854.589710877646,5644.662945531045,8141.276619171802
2012-08-26,6367.827724622042,5182.364295511285,7557.080400701252
2012-08-27,6511.601051251254,5252.212934597805,7705.0401817105885
2012-08-28,6771.788456279158,5488.765475057507,7895.483055327413
2012-08-29,6818.835535159403,5613.550295610549,7972.222700145272
2012-08-30,6857.254422572672,5654.678292027262,8028.521882381217
2012-08-31,6823.131325682132,5630.543169989036,7991.323199317505
2012-09-01,6938.878749843155,5775.046527045777,8134.896930619408
2012-09-02,6523.869929073226,5269.416720322161,7624.794532456863
2012-09-03,5741.356079820524,4503.685655476713,6854.764130262015
2012-09-04,6577.310421026541,5374.358749114479,7751.572091562482
2012-09-05,6575.927009102879,5419.537771441989,7828.915275039363
2012-09-06,6297.41482526253,5057.968196277581,7416.029052975422
2012-09-07,6183.3411329558685,5020.31235934259,7369.34279824692
2012-09-08,6211.507897872141,5000.602083002955,7293.583815763804
2012-09-09,6510.808383154996,5269.585269379169,7754.433045775905
2012-09-10,6616.956132060701,5315.560631243219,7839.071940285505
2012-09-11,6297.558427040887,5051.112182520407,7497.49113898987
2012-09-12,6972.818954238679,5781.907346275738,8082.121324756295
2012-09-13,6906.334929827723,5695.039403727085,8139.519596653255
2012-09-14,6951.349968789002,5708.700326697742,8208.711721824322
2012-09-15,7276.677218195174,5974.747529236786,8407.361266341926
2012-09-16,6642.147310489031,5528.496798032698,7810.127255834523
2012-09-17,6881.1323931702445,5740.535100148524,8027.388764855969
2012-09-18,6915.796305888817,5728.424472819557,7994.156555557179
2012-09-19,7255.879577849655,5996.215906624069,8392.000758640606
2012-09-20,7326.337582762586,6187.849427929426,8576.55634115694
2012-09-21,7141.3198301993,5975.988408101499,8427.297550496643
2012-09-22,7078.700440023091,5871.297616506253,8324.808663713038
2012-09-23,6878.454407344157,5755.363250778275,8082.659560664235
2012-09-24,7044.882414245802,5864.764385003332,8252.239672166466
2012-09-25,7069.194373199892,5794.9381609702505,8391.99034993743
2012-09-26,7066.577186010105,5812.097160461119,8299.425077280419
2012-09-27,7434.011821898754,6180.767333794049,8581.583125658211
2012-09-28,7272.850117217826,6080.069898984,8418.814731667877
2012-09-29,6907.0053003295325,5695.633501192701,8164.481187127155
2012-09-30,6553.701836479578,5373.515997457174,7796.111922462318
2012-10-01,6623.464375832273,5475.25022315861,7819.793152044193
2012-10-02,6280.098927860678,5049.822125297376,7469.372218063593
2012-10-03,6155.186233994523,4985.7474709581375,7369.445055506411
2012-10-04,6397.051703884802,5288.095478705634,7733.404524252586
2012-10-05,6933.297305491346,5769.536489108607,8189.982431704001
2012-10-06,6757.241138471824,5601.050180600368,7940.665706421117
2012-10-07,5897.658460459614,4696.137005075762,7022.591547932367
2012-10-08,6347.502468872394,5093.264353882179,7556.291981023551
2012-10-09,6510.511594456885,5282.943289182064,7678.766259410957
2012-10-10,6547.073743459099,5361.971470910133,7788.954649038378
2012-10-11,7096.837522590345,5922.97813435094,8271.728621045098
2012-10-12,6690.86383153789,5518.268469454194,7908.235644912686
2012-10-13,6664.759024005431,5444.087277965931,7911.867100355808
2012-10-14,6184.399167898776,5001.9293875182975,7396.220740591666
2012-10-15,6610.254992753866,5475.104604007592,7899.475418625277
2012-10-16,6638.755629998658,5493.928648799676,7825.169742648408
2012-10-17,6464.341087621431,5198.224111333106,7537.967826309806
2012-10-18,6641.928681158191,5452.066521419053,7862.713975295
2012-10-19,6701.051027875042,5430.43768448662,7913.564585093792
2012-10-20,6621.22161951754,5419.212621661796,7861.958813908725
2012-10-21,6147.766853276332,5011.855446339688,7316.1136194310575
2012-10-22,6238.157378400989,5048.558643556759,7424.1460288487715
2012-10-23,6579.376926360111,5358.115979040134,7816.157621316468
2012-10-24,6434.861086113463,5195.667294863369,7609.623425802149
2012-10-25,6304.327154970305,5175.856863248087,7570.158125038197
2012-10-26,6203.882808351825,4925.221661769703,7477.447132488268
2012-10-27,6017.663236108247,4854.685630562901,7220.78436552703
2012-10-28,5157.643676688055,3994.7059759725794,6396.80294239486
2012-10-29,5108.278534714295,3970.307820198934,6296.223110615385
2012-10-30,5303.807305826264,4079.448364236694,6487.372801359599
2012-10-31,5850.882666537721,4657.326407213633,7092.601127778085
2012-11-01,5893.824139188171,4616.893176083409,7170.72871803972
2012-11-02,5257.736346042208,4112.682113293369,6408.287719662655
2012-11-03,5743.643692869892,4603.623140627932,6942.217892081739
2012-11-04,5082.014177670304,3928.328149296504,6249.945580652819
2012-11-05,5186.019662155188,3979.4397360598655,6325.525366799556
2012-11-06,5689.1828894885775,4575.451925003702,6809.291416535715
2012-11-07,5275.654103644632,4028.3047235969634,6457.055088535651
2012-11-08,5478.192464439018,4328.626749946122,6689.639452197742
2012-11-09,5243.018555237108,4092.961945880548,6429.951932904917
2012-11-10,5424.209552471878,4279.501222380959,6603.254623668398
2012-11-11,5971.346728761458,4740.670862204143,7106.995280653157
2012-11-12,6178.516334178211,5000.8151291852855,7348.700466418971
2012-11-13,5058.100469291654,3840.360305816634,6310.610155951816
2012-11-14,5173.580740635192,4037.18579087549,6397.603727462616
2012-11-15,5383.225915848032,4200.494030782455,6649.483382375707
2012-11-16,5222.906464205465,4050.9861104536144,6387.528401492431
2012-11-17,5134.699323763258,3906.82449643845,6337.231726320925
2012-11-18,5063.914035041199,3964.2133726194734,6206.727532684274
2012-11-19,5100.03748348517,3920.880767356994,6249.565319993347
2012-11-20,5034.632370002089,3883.562066168871,6157.636531141312
2012-11-21,5063.170505015036,3944.747827915636,6260.189516691198
2012-11-22,2939.684750971126,1694.016333849917,4174.203713815803
2012-11-23,4748.582527284381,3473.9848161400464,5921.034848258565
2012-11-24,4577.043602609854,3354.3264540823734,5793.377955526053
2012-11-25,4407.7999399535465,3257.8025052534986,5547.445288997924
2012-11-26,5188.090202221112,4006.436783300549,6382.522118519496
2012-11-27,5326.925590396317,4095.6799941661848,6531.976961096358
2012-11-28,4824.023596458713,3546.613330547287,6000.99000732989
2012-11-29,5682.585538458843,4580.485440778418,6831.771371086791
2012-11-30,5383.015807470369,4137.653452845638,6428.137418241459
2012-12-01,5339.167835586837,4035.046279388425,6502.809498995482
2012-12-02,5440.303032242089,4139.806187778723,6566.988510245457
2012-12-03,5184.724664635679,4005.640233750793,6403.221090796495
2012-12-04,5416.047511037961,4258.615265908303,6632.51911664984
2012-12-05,5239.638268771279,4103.093699068321,6335.144113211391
2012-12-06,5695.223448532158,4538.905553301593,6871.234013104469
2012-12-07,5494.661621124616,4330.21889977988,6739.413156777327
2012-12-08,5164.028831323396,4002.4287952405416,6291.147673617978
2012-12-09,4814.962178281496,3628.894523153868,5981.992912147295
2012-12-10,4984.69878859939,3750.688481808046,6238.384205477799
2012-12-11,5110.240493193694,4018.355942945031,6338.014310866999
2012-12-12,4900.342293801607,3723.552006626828,6115.350609119108
2012-12-13,4977.476252773981,3763.820100847792,6166.20561020899
2012-12-14,5083.177304819854,3904.040280448541,6355.042368287903
2012-12-15,4777.525121844239,3603.74109910802,5984.416167047741
2012-12-16,4115.208992106409,2879.087773765778,5326.438687707074
2012-12-17,4138.703003316487,2933.3342718530816,5311.64712443414
2012-12-18,4185.709739499811,2957.665257642405,5387.104943807572
2012-12-19,3618.30930204416,2405.4258053290164,4773.916437667086
2012-12-20,3605.0311148587057,2369.636512977551,4810.585764208077
2012-12-21,3623.7618452240663,2454.318826131206,4851.3030905549
2012-12-22,4108.460861753789,2965.3209400107385,5324.622654983831
2012-12-23,3705.09157783942,2467.259963385053,4874.120097466316
2012-12-24,3255.950908984772,2039.843340354992,4387.746710004551
2012-12-25,2102.0818027723644,904.4856677958552,3329.524250140068
2012-12-26,3811.33099068017,2624.92192232413,5021.951838621975
2012-12-27,4041.877308642796,2872.6423744407257,5253.369523585746
2012-12-28,4460.812278238548,3290.4805487040385,5731.834056164542
2012-12-29,4023.793648286463,2848.557777657049,5189.885612744405
2012-12-30,3854.0768063666337,2687.174186465672,5026.8028653468255
2012-12-31,3880.194248698129,2695.0242166708704,5096.302703781911
2013-01-01,5057.964804345987,3867.4250588660097,6271.8497886589685
2013-01-02,4409.513082363621,3251.9204960231814,5649.413230718181
2013-01-03,4483.21470636683,3363.8171633479,5674.05162687502
2013-01-04,4570.856273190198,3353.076928566009,5735.822891033078
2013-01-05,4683.8201491294885,3503.9594985742588,5918.340279290372
2013-01-06,4510.3570517868575,3354.9282467525286,5699.421277587354
2013-01-07,4591.606726804977,3384.596365972732,5878.233950043979
2013-01-08,4841.957321565658,3627.046571563054,5980.106158830198
2013-01-09,5175.194366646157,3985.191920371954,6402.035092059314
2013-01-10,5310.697543168407,4154.337082538707,6549.568649335927
2013-01-11,5096.466247371092,3865.635324240864,6273.90626238713
2013-01-12,5058.315472143358,3879.064003974912,6278.640296120611
2013-01-13,4783.672590954172,3527.958808285647,6019.445502651186
2013-01-14,4461.331971551606,3392.004076675661,5773.545916743675
2013-01-15,4562.792076145213,3380.616287310296,5678.956903682937
2013-01-16,4734.736071726822,3596.515713772125,5892.318232571189
2013-01-17,5588.179837355433,4295.455772980871,6728.258722334479
2013-01-18,5538.520837573681,4330.461310044132,6783.904648304779
2013-01-19,4909.887924004172,3780.9826340648,6094.823817721755
2013-01-20,5316.117912648212,4151.23654855442,6514.504962716676
2013-01-21,5005.228538669524,3816.721391995159,6226.13549973731
2013-01-22,5393.761088114921,4101.507630223038,6652.276893375426
2013-01-23,5847.624788930852,4662.805356633834,7104.441133305243
2013-01-24,5638.864268705796,4348.236301708608,6762.556673343723
2013-01-25,5707.68924217684,4563.164144533302,6883.478136161141
2013-01-26,5449.846116114635,4219.648860706751,6612.02345706022
2013-01-27,5478.62675517307,4270.326489822668,6773.139153528506
2013-01-28,5482.182003879234,4326.102655385423,6697.697271272381
2013-01-29,5462.8240790957625,4324.726916999082,6593.878211010623
2013-01-30,5507.178925983201,4359.648300513886,6729.943256644036
2013-01-31,5799.0577837455485,4609.960739286637,6935.461034350295
2013-02-01,5817.916116938381,4502.72545464672,7107.069701441198
2013-02-02,5583.380093143294,4411.8135830034325,6738.757762493501
2013-02-03,5274.057557221466,4115.763831687491,6530.380485739644
2013-02-04,5644.082837231967,4464.3736649326565,6893.916881071829
2013-02-05,5692.40509107258,4496.280488895921,6958.591667404688
2013-02-06,5445.087060844779,4308.193931298825,6600.241974127523
2013-02-07,5608.531572007476,4455.267349282916,6846.933269969486
2013-02-08,5558.264593555945,4380.04315264851,6815.668377387677
2013-02-09,4953.823371460172,3788.4386913498656,6125.352955664153
2013-02-10,4539.47931226185,3320.8408532485337,5716.16115708759
2013-02-11,4795.956450267584,3621.431290183603,5954.833981459383
2013-02-12,5628.467268853222,4417.469752973258,6806.407133508748
2013-02-13,5603.274093251742,4343.785237693849,6843.946851804632
2013-02-14,5220.153308009876,4078.1967611398086,6435.767377658468
2013-02-15,5916.283262533048,4727.562077346651,7166.800672619024
2013-02-16,5541.458271283346,4340.783083273014,6839.631502358008
2013-02-17,5300.399744376873,4125.700425334938,6493.791626046715
2013-02-18,5218.351236034019,3957.681443263171,6414.493449655632
2013-02-19,5679.123112228754,4492.031999626823,6864.2727187225455
2013-02-20,5809.906422331272,4599.340005543012,7062.252682717629
2013-02-21,5834.980405090812,4568.787732711136,7045.667272318751
2013-02-22,6173.022590144942,4842.732014262204,7369.353662916569
2013-02-23,5973.261579983268,4787.662277652553,7250.988976935895
2013-02-24,5501.77923568619,4273.768965101862,6783.078577569369
2013-02-25,5686.945824126698,4505.41718468208,6976.068040502625
2013-02-26,5999.198938478165,4872.787801840779,7158.31955444323
2013-02-27,6088.3659052295525,4804.192955364201,7259.148835859648
2013-02-28,6144.796796461609,5040.805643636735,7426.8047653698195
2013-03-01,6145.33168307307,4947.849855451001,7346.558155447035
2013-03-02,6324.820364835078,5090.729655494652,7525.378589445623
2013-03-03,5928.653243045111,4738.820600116855,7088.34983412274
2013-03-04,5824.008367551731,4637.657788271378,6953.490127109681
2013-03-05,6013.553988980728,4846.809954555152,7192.30375276759
2013-03-06,6041.584578402059,4851.059429944334,7187.846953290339
2013-03-07,5732.091534147122,4492.752780165575,6904.563631316903
2013-03-08,5637.529086377387,4388.456203626583,6862.002884938716
2013-03-09,5714.307876769187,4560.21349618065,6857.572423789532
2013-03-10,6129.834439189814,4878.849703338894,7272.36815360764
2013-03-11,6265.232758987493,5032.458456558319,7478.066925806199
2013-03-12,5912.3491689215625,4771.133669395694,7172.669759997277
2013-03-13,6712.907733014604,5487.307768881536,7937.722006410688
2013-03-14,6648.577783512887,5473.179932179383,7873.826168216436
2013-03-15,6739.5911575814525,5553.098601033157,7907.320600702073
2013-03-16,7159.568025292712,6028.353046281926,8329.76057239813
2013-03-17,6517.94609420579,5256.835420483293,7702.198149574341
2013-03-18,6810.336618486357,5625.0579480737,8018.607025251554
2013-03-19,6866.206490001242,5610.482472612599,8052.854553218252
2013-03-20,7290.2609539456735,6057.290522291178,8510.63939210797
2013-03-21,7386.246990640358,6182.66973920008,8545.87462855518
2013-03-22,7218.95982802345,6047.832104630945,8408.569079122406
2013-03-23,7199.552883145475,5955.484057743855,8512.143402375192
2013-03-24,7052.399876492995,5794.244030796652,8255.934268722282
2013-03-25,7260.991249371539,6050.7529736946935,8409.534053846399
2013-03-26,7302.163332184267,6070.517959144181,8413.90235314719
2013-03-27,7331.639443116133,6121.504132593291,8565.376876493172
2013-03-28,7758.628919461538,6546.611753109272,8936.517154814605
2013-03-29,7610.315137801188,6400.580338103904,8819.50304939109
2013-03-30,7236.645131136254,5889.281528259871,8347.418505082816
2013-03-31,6904.678314659213,5676.921136026888,7993.591569759299
2013-04-01,6991.772372481705,5816.731205778421,8271.356292853303
2013-04-02,6603.304969228309,5395.443930155724,7768.2337661782385
2013-04-03,6481.872084475924,5287.967421894126,7767.082239065468
2013-04-04,6754.626783834462,5501.040265711104,7914.520324688575
2013-04-05,7387.997573923376,6160.522278214613,8492.055197029445
2013-04-06,7221.12109672584,5962.022239999376,8372.602194841846
2013-04-07,6307.511955438899,5123.717617926881,7542.81909335175
2013-04-08,7159.135492091585,5959.742750704995,8332.847040411256
2013-04-09,7007.750664907345,5722.052231678026,8229.383980816721
2013-04-10,7072.178028633662,5894.639201425923,8295.436287299739
2013-04-11,7700.747169654147,6579.1419094341845,8755.397883669495
2013-04-12,7274.937803059177,6085.689843337072,8439.396790400575
2013-04-13,7293.420133243874,6005.95869628599,8502.892322815891
2013-04-14,6830.189738630574,5657.969981114203,8036.022674113872
2013-04-15,7341.467816116179,6166.297281567543,8588.188757121701
2013-04-16,7403.207171471265,6211.923143529371,8647.688273662603
2013-04-17,7261.148992133174,6000.885489698143,8472.071239592113
2013-04-18,7504.046502421434,6307.524873920776,8705.102332281302
2013-04-19,7646.267871721356,6447.555435385603,8868.392810980236
2013-04-20,7646.81437654283,6403.443301998852,8737.859413058219
2013-04-21,7236.781538132281,6050.209143995809,8523.518151569155
2013-04-22,7414.150319617104,6139.057372638536,8615.99142726146
2013-04-23,7877.927916810417,6670.906709562229,9079.216639646873
2013-04-24,7816.991648828221,6578.019789419845,8968.72396671929
2013-04-25,7756.515985847503,6545.719884460545,8982.25539684459
2013-04-26,7761.6825783037,6529.9449581721765,8977.806443081996
2013-04-27,7682.521302821307,6456.351619204695,8846.258638858222
2013-04-28,6871.474785249673,5712.758939352986,7982.795315004697
2013-04-29,6922.758288353813,5755.728939414056,8179.503950040491
2013-04-30,7248.054400974876,6141.627385501902,8499.795836359257
2013-05-01,7991.351300078481,6768.385293502307,9202.147315245968
2013-05-02,8141.216576820763,6979.108869400711,9386.427389266451
2013-05-03,7545.874125864182,6387.935366485528,8788.821600961564
2013-05-04,8226.817686613418,7029.135949966743,9395.328792376838
2013-05-05,7631.6294935601745,6488.867819378119,8800.765866626773
2013-05-06,7839.627034999006,6687.608013793525,9010.584334436904
2013-05-07,8488.432026546332,7209.050028388953,9768.16525561944
2013-05-08,8111.244209528058,6950.206148700532,9317.563277732792
2013-05-09,8402.66694791979,7297.706466190942,9704.06071053886
2013-05-10,8215.999828217704,7063.921568797562,9382.19459906185
2013-05-11,8500.235502220348,7325.76191884467,9761.093202861668
2013-05-12,8071.418537138721,6870.7556291511455,9242.864153505545
2013-05-13,8020.425788749635,6762.162509578215,9212.523124089525
2013-05-14,8230.545983197948,7051.098903585484,9404.270101307624
2013-05-15,8388.185054390475,7176.464012385851,9548.03120587503
2013-05-16,8623.047910209798,7392.178835390745,9851.822673769731
2013-05-17,8457.479175922834,7282.559142546613,9667.885107322178
2013-05-18,8375.029550891519,7144.303680840176,9545.515813613509
2013-05-19,8334.239315510371,7215.922872283414,9606.428729562123
2013-05-20,8351.468149848853,7118.251944150235,9502.86311019992
2013-05-21,8245.36563730516,7018.398484640219,9454.981890254698
2013-05-22,8262.276136739749,7043.508299722926,9483.811384605197
2013-05-23,8420.757489383304,7208.279971286646,9525.841681006916
2013-05-24,7857.62580775276,6649.74489798227,9037.949292614072
2013-05-25,7662.0011499032835,6519.012461123779,8809.186149762345
2013-05-26,7499.467525524364,6370.242583579523,8778.939480657347
2013-05-27,7874.003061442184,6676.751734004512,9136.798178786776
2013-05-28,8488.903889821298,7392.130793839136,9746.90381716916
2013-05-29,7920.880560391537,6785.173544032448,9152.182361378536
2013-05-30,8878.02889500855,7641.83326992709,9990.061175483612
2013-05-31,8559.429758819086,7360.968663904498,9818.889995445954
2013-06-01,8546.423297897247,7255.078428421361,9817.7689569535
2013-06-02,8733.460448926864,7568.385315821962,9932.741883299628
2013-06-03,8468.709548908986,7307.743813452728,9839.135321598378
2013-06-04,8758.151216903343,7562.233064302471,9937.844070780664
2013-06-05,8614.44584455392,7418.060577096358,9836.101356988249
2013-06-06,9172.136419122282,7912.622407712852,10406.69899903061
2013-06-07,9021.585342768249,7838.241930658055,10246.69587688187
2013-06-08,8739.088610142988,7609.5394971149235,9878.807240162278
2013-06-09,8469.002623512508,7204.933581671014,9602.930301643257
2013-06-10,8732.27500083942,7466.20856429465,9893.714902792062
2013-06-11,8944.289018886566,7788.112358653428,10186.292492719713
2013-06-12,8798.507960420746,7563.630680359871,10026.958073634793
2013-06-13,8956.924579015355,7690.200780197179,10052.523813782727
2013-06-14,9172.202927331224,8027.263692532504,10428.553134862306
2013-06-15,8929.087148603301,7740.082212365129,10067.058325648712
2013-06-16,8307.08258002112,7058.409443054869,9437.060386656784
2013-06-17,8397.248128546298,7228.004528121747,9478.179722087874
2013-06-18,8502.856126434366,7337.158847656315,9710.730397263746
2013-06-19,7926.301724287547,6752.089623660575,9203.336230020574
2013-06-20,7945.899796992555,6755.633418137808,9149.372627309038
2013-06-21,8017.181819580381,6819.732345731467,9174.529914954735
2013-06-22,8611.817561244467,7398.868087302514,9729.04669763634
2013-06-23,8220.558640149864,6968.486720949906,9462.729864054192
2013-06-24,7709.514862180058,6517.08185196411,8892.803916530174
2013-06-25,8625.399859403857,7473.544963888989,9893.804062252068
2013-06-26,8301.017766617317,7171.039627486927,9500.092362976324
2013-06-27,8514.852069528795,7306.525322722668,9710.54846214321
2013-06-28,8954.849878001003,7767.449958419344,10185.158710665204
2013-06-29,8426.895426230238,7199.334609869112,9717.468687829743
2013-06-30,8217.290422896596,6969.791546699126,9442.423573806578
2013-07-01,8162.847524773319,6888.97123170541,9388.422587929315
2013-07-02,8700.73147488854,7450.975237557624,9832.221157374635
2013-07-03,8577.338206397691,7386.908299305345,9815.884802303604
2013-07-04,9682.996557624205,8528.48977887633,10843.60791626887
2013-07-05,8556.332805649577,7332.386459077361,9710.764432128404
2013-07-06,8597.158007974023,7413.438895151366,9842.51440105011
2013-07-07,8340.155628210596,7045.024247657913,9535.616941887894
2013-07-08,8313.49960040328,7145.278329192117,9625.662605524809
2013-07-09,8473.458787258392,7160.138852541892,9618.810127919098
2013-07-10,8747.29806944048,7541.782999644088,9872.130205495196
2013-07-11,8781.358790000086,7608.241656582729,9995.608029718904
2013-07-12,8450.658817296367,7232.03911337628,9645.21227863344
2013-07-13,8331.666238671893,7166.070831916291,9555.562013862816
2013-07-14,7979.27602934089,6708.234675928925,9163.622388417392
2013-07-15,7524.292557270921,6357.95862714735,8741.194628199199
2013-07-16,7549.463693054357,6387.862041012916,8810.031080221608
2013-07-17,7680.32717002053,6431.235461786225,8941.857357946947
2013-07-18,8566.546894627056,7351.563481973637,9735.41491481988
2013-07-19,8468.961640485893,7179.285197936868,9593.496349954385
2013-07-20,7735.875032557064,6560.364858832492,8944.622171096285
2013-07-21,8202.494746221708,7050.818770182247,9418.054079890238
2013-07-22,7998.621315518437,6851.031904626835,9226.076154259372
2013-07-23,8215.692586499086,6917.206591992989,9400.800275861746
2013-07-24,8715.889445705367,7549.684778426323,9868.122496631308
2013-07-25,8456.54816371919,7331.695683331701,9645.290623761106
2013-07-26,8539.706263276235,7331.637458743712,9814.447397212089
2013-07-27,8267.981021613072,7046.767348671348,9466.049188742632
2013-07-28,8349.184675489472,7098.983871136032,9588.266369134366
2013-07-29,8349.810717169408,7205.06536249415,9512.749980695044
2013-07-30,8322.369759537898,7028.277394020143,9537.504577563424
2013-07-31,8386.326245521384,7189.067760430635,9571.305300751876
2013-08-01,8709.459367169728,7531.0547434223345,9842.865388877934
2013-08-02,8749.995758161036,7586.081361587888,9923.770174998586
2013-08-03,8512.782485454194,7304.783771613702,9703.872822309815
2013-08-04,8216.571112063237,7051.746955992445,9372.67576035333
2013-08-05,8627.343229144608,7453.071990202752,9821.681114625691
2013-08-06,8669.50801665191,7482.068493128258,9829.641543668038
2013-08-07,8394.797524943033,7108.506496257629,9639.0556806173
2013-08-08,8559.089168634651,7353.355997257127,9699.892208820303
2013-08-09,8504.382763256568,7343.42052199389,9800.875604720391
2013-08-10,7831.426402230498,6630.732857182019,9005.01371606417
2013-08-11,7395.141912468569,6169.566210013266,8667.058033652229
2013-08-12,7654.710388480379,6507.838112629856,8894.259655900316
2013-08-13,8553.793525585996,7343.56767870711,9874.965185076777
2013-08-14,8504.088156969183,7370.678472829797,9697.327575558344
2013-08-15,8029.720394182202,6841.222673779735,9179.025178762178
2013-08-16,8789.582683177425,7524.14816102349,9935.519675168993
2013-08-17,8351.812666182557,7106.526351196279,9511.472092028398
2013-08-18,8088.46127378536,6910.094069531632,9325.77172869366
2013-08-19,8699.619158405154,7528.040040622604,9939.872359184828
2013-08-20,8410.243101689075,7192.94515596608,9641.656367404696
2013-08-21,8519.167920704918,7345.498293806927,9741.400841984218
2013-08-22,8488.855248916956,7321.9482369621055,9664.764647897126
2013-08-23,8833.476862858932,7517.42375287218,10107.336279772297
2013-08-24,8581.581141265227,7243.045789742408,9774.937184318183
2013-08-25,8050.408703894942,6848.550547632791,9307.649689956328
2013-08-26,8202.093585962888,7046.815479933308,9434.102930148454
2013-08-27,8491.91522438487,7286.175423576135,9638.230042279713
2013-08-28,8549.280657862093,7373.77714299576,9713.433105046475
2013-08-29,8550.492616159827,7330.0739849412785,9746.649190093693
2013-08-30,8513.181095525311,7398.462025238824,9742.783849961495
2013-08-31,8684.59778518433,7557.626655426573,10006.365297271986
2013-09-01,8236.05285412933,7049.594247424496,9410.92179199654
2013-09-02,7383.012585849476,6156.6061694600185,8481.713392626609
2013-09-03,8211.126249534385,7023.222598492917,9448.597970205446
2013-09-04,8198.107340189745,7044.36864802307,9378.64649660181
2013-09-05,7787.001169536304,6585.744422469058,8997.430124406934
2013-09-06,7640.9348435769025,6370.229501574057,8835.559450261697
2013-09-07,7694.732573185634,6414.919614515997,8804.319807744781
2013-09-08,8154.151083250455,6960.702855022039,9376.399878641949
2013-09-09,8245.605398957718,7037.910681047168,9501.269206122412
2013-09-10,7785.115030138722,6642.671026830275,9036.953955683544
2013-09-11,8635.919776179426,7398.711175461312,9832.990922477107
2013-09-12,8497.822939194079,7277.50963396737,9832.205428607642
2013-09-13,8558.175545273349,7379.36179232726,9761.212040455055
2013-09-14,8995.604701581999,7654.100073850192,10145.259873670788
2013-09-15,8269.421055069259,7076.796583563942,9455.16474787565
2013-09-16,8537.80098869723,7347.926001165643,9766.617786491646
2013-09-17,8537.892160911013,7234.9948547023,9757.049767662991
2013-09-18,8969.783005125144,7772.793589211001,10153.870405074218
2013-09-19,9016.458217675112,7790.018954580503,10213.700110472066
2013-09-20,8793.817537442244,7585.7734987410095,9966.97596400814
2013-09-21,8746.748781891665,7571.341413091392,9925.076403605985
2013-09-22,8584.458485266327,7412.517902853599,9891.38135021667
2013-09-23,8770.022147511001,7542.164788992305,9983.445576222204
2013-09-24,8766.241334147147,7488.291059565054,9934.593191975277
2013-09-25,8769.64104290112,7549.479896846811,9930.117423500194
2013-09-26,9201.834774943396,8014.452196722854,10407.669021159913
2013-09-27,9015.909539341712,7884.064065208936,10157.07040657811
2013-09-28,8587.80248934599,7390.607099903652,9765.393008794228
2013-09-29,8234.239058495014,7031.976078659363,9585.87420387191
2013-09-30,8299.109298263562,7049.170781615884,9461.6611961407
2013-10-01,7828.926931683746,6703.9795176785765,9115.208472373424
2013-10-02,7676.732976519892,6371.544005939168,8792.938559715089
2013-10-03,7947.807342051451,6706.361024231565,9153.769391715045
2013-10-04,8646.581352000474,7469.627534854904,9809.590637763124
2013-10-05,8457.074926829964,7272.738574120952,9694.932915570667
2013-10-06,7456.510094226443,6191.669067922046,8615.995526198682
2013-10-07,8377.848773401485,7165.313479100969,9584.242160155873
2013-10-08,8170.418095342913,6997.335341918297,9304.48681340741
2013-10-09,8219.554243500694,7101.385588537341,9397.067746783005
2013-10-10,8877.96326779421,7695.242573117236,10125.689153264995
2013-10-11,8376.353063372582,7155.701274482404,9573.71976944309
2013-10-12,8375.31407011404,7194.383058697363,9596.816892776404
2013-10-13,7855.892976159913,6627.8614361446325,8961.576990222247
2013-10-14,8072.190833509467,6904.208176978702,9319.171193555369
2013-10-15,8369.563625935809,7237.093543187702,9504.160287444718
2013-10-16,8153.65658088613,6953.706067232691,9346.47090579546
2013-10-17,8343.458834850853,7121.451102223698,9558.283229915984
2013-10-18,8437.864703959453,7219.028196081167,9758.514447820196
2013-10-19,8375.265166599454,7183.405007271569,9632.751676768818
2013-10-20,7872.649591795287,6624.775190636951,9069.56465624799
2013-10-21,7968.863785385679,6836.762031907627,9162.956680201198
2013-10-22,8375.52496106159,7142.001981093465,9582.589408631322
2013-10-23,8207.767998548687,7033.867337477824,9458.148554030322
2013-10-24,8017.261855965364,6822.015921555228,9158.054826095136
2013-10-25,7919.508159684291,6767.819734448184,9077.145860364782
2013-10-26,7731.868509268722,6524.543540895499,8911.885326782674
2013-10-27,6748.858756281328,5558.441110552194,7962.589988997196
2013-10-28,6676.203226866212,5430.367528656378,7861.443318321592
2013-10-29,6904.8880218195245,5666.902357628663,8166.181396472276
2013-10-30,7618.176157619196,6444.911757115591,8785.898145726776
2013-10-31,7650.865781698929,6468.430027010306,8742.9725088215
2013-11-01,6876.288175958257,5705.085671175434,8084.184654948147
2013-11-02,7538.36166852225,6423.82467711182,8807.053468274973
2013-11-03,6803.666491187221,5607.768293612214,8069.336217041508
2013-11-04,6919.440080273856,5675.084016788464,8202.201767004402
2013-11-05,7529.031586110397,6346.663192911897,8725.004581266723
2013-11-06,7016.138771920529,5788.557221790557,8168.84795106639
2013-11-07,7238.446832874991,6039.392784958028,8442.6648065524
2013-11-08,6957.333967778665,5685.390903297625,8204.727188381534
2013-11-09,7217.447261329274,5970.654538134829,8324.543513669601
2013-11-10,6714.208809948284,5614.407992070512,7899.594678188058
2013-11-11,7602.060079206331,6427.001526069131,8909.633357437218
2013-11-12,6760.538265398588,5668.282402200246,7885.027169437521
2013-11-13,6897.989664309473,5760.318692675152,8187.804650757779
2013-11-14,7110.87737472493,5902.497506909288,8242.416710888505
2013-11-15,6907.027645258664,5620.60295676985,8083.142482986969
2013-11-16,6810.211631801117,5586.886062803209,8025.723634677341
2013-11-17,6790.709877079275,5579.83970954785,7908.905437797189
2013-11-18,6790.055987544565,5541.037765229692,7999.314031184101
2013-11-19,6652.112584498901,5379.3071162827255,7861.971627158425
2013-11-20,6672.085144930883,5457.55509500718,7860.9451837503475
2013-11-21,6834.251395444303,5695.207419639984,8032.008706909327
2013-11-22,6215.763886901163,5061.8718945423725,7426.898693154485
2013-11-23,6015.421131717896,4769.015984765017,7091.521190146738
2013-11-24,5876.219867216266,4632.545494260431,7055.317570868327
2013-11-25,6822.173050744033,5639.961463351764,8010.700989602295
2013-11-26,6952.877676131281,5746.095800053797,8115.325675635721
2013-11-27,6316.323747310847,5120.9345567018245,7508.869886529836
2013-11-28,5061.891312257699,3846.2605119476166,6263.566475697552
2013-11-29,6996.10281061011,5722.451372222023,8262.658029942319
2013-11-30,6976.63735640862,5784.127115326165,8287.112196524056
2013-12-01,7199.066069075487,5969.447857774738,8446.341704755936
2013-12-02,6860.966372715693,5665.792604780995,8011.556177159258
2013-12-03,7130.550979013244,5945.328224383061,8386.401683223059
2013-12-04,6927.968088839621,5838.522478424394,8154.687833110644
2013-12-05,7483.098077648209,6291.388555998617,8691.508817173375
2013-12-06,7265.647120826083,6030.133800149504,8421.698418527603
2013-12-07,6903.275805187776,5773.660509068923,8068.909235476666
2013-12-08,6574.48856164545,5410.119580690101,7736.149281106644
2013-12-09,6785.629813438729,5601.421367890578,7957.164307569826
2013-12-10,6932.37634751229,5705.212826396041,8087.284691244409
2013-12-11,6695.0010094760055,5509.639788692166,7905.506878680479
2013-12-12,6777.267263192427,5547.066335497042,7969.590003786664
2013-12-13,6945.3234394571855,5705.237434912905,8244.192008612461
2013-12-14,6610.992638872705,5416.589475320196,7851.313504364043
2013-12-15,5881.022968341869,4590.653536011766,7079.859459335387
2013-12-16,5897.4497116470575,4707.130192597071,7010.73605850603
2013-12-17,5931.424612970468,4832.829519410124,7072.458912970116
2013-12-18,5227.840536800709,4072.420057176712,6453.070638581848
2013-12-19,5176.810916632188,3927.7375515404224,6385.151265103703
2013-12-20,5213.316440405628,3978.345474361708,6321.734367917959
2013-12-21,5848.298038539283,4680.361692558898,7059.863450463004
2013-12-22,5418.582610749563,4215.818491078939,6620.134860564307
2013-12-23,4815.081702823293,3587.585732485691,5907.931395395255
2013-12-24,5806.482172997101,4621.362412933368,7080.897474204294
2013-12-25,3459.6275702566536,2345.299433578109,4665.343066399831
2013-12-26,5673.314244731856,4455.272410616149,6778.365212371119
2013-12-27,6187.280190476897,4964.064883014184,7447.534338915954
2013-12-28,5641.353458539308,4402.251640251008,6882.107531093831
2013-12-29,5483.917161837,4303.0599242595645,6657.170527212724
2013-12-30,5458.8062075393145,4181.103752600042,6600.443336831136
2013-12-31,6097.749580822627,4938.79807441066,7272.437225224956
2014-01-01,6640.163587996384,5443.339930782477,7857.774508362407
